url_path,views_total,views_unique
/peff74/esp8266_OLED_HW-364A,34,23
/peff74/esp8266_OLED_HW-364A/blob/main/HW-364A_V1.ino,20,7
/peff74/esp8266_OLED_HW-364A/blob/main/README.md,17,6
/peff74/esp8266_OLED_HW-364A/tree/main/.github/workflows,14,4
/peff74/esp8266_OLED_HW-364A/blob/main/HW_364A_u8g2_1.ino,12,4
/peff74/esp8266_OLED_HW-364A/tree/main/.github,5,1
/peff74/esp8266_OLED_HW-364A/blob/main/front_1.jpg,4,2
/peff74/esp8266_OLED_HW-364A/blob/github-repo-stats/.github/workflows/github-repo-stats.yml,3,1
/peff74/esp8266_OLED_HW-364A/tree/github-repo-stats/.github/workflows,3,1
/peff74/esp8266_OLED_HW-364A/tree/github-repo-stats/peff74,3,1
